{"products":[{"id":"0.4912508700817553","qty":2}],"totalPrice":93.80000000000001}